{
  "categories": [
    {
      "id": 1,
      "parent_id": null,
      "name": "Бытовая техника",
      "emoji": "🎮"
    },
    {
      "id": 2,
      "parent_id": 1,
      "name": "Товары",
      "emoji": "📱"
    },
    {
      "id": 3,
      "parent_id": 1,
      "name": "Заказы",
      "emoji": "📣"
    },
    {
      "id": 4,
      "parent_id": 1,
      "name": "Услуги",
      "emoji": "🙋"
    },

    {
      "id": 5,
      "parent_id": null,
      "name": "Автомобили",
      "emoji": "🚗"
    },
    {
      "id": 51,
      "parent_id": 5,
      "name": "Новые",
      "emoji": "🚗"
    },
    {
      "id": 52,
      "parent_id": 5,
      "name": "Бывшие в употреблении",
      "emoji": "🚗"
    },

    {
      "id": 6,
      "parent_id": null,
      "name": "Недвижимость",
      "emoji": "🏢"
    },
    {
      "id": 61,
      "parent_id": 6,
      "name": "Новостройки",
      "emoji": "🏢"
    },
    {
      "id": 62,
      "parent_id": 6,
      "name": "Арендное жилье на вторичном рынке - тест длинного заголовка",
      "emoji": "🏢"
    }
  ]
}
